DateTime,IsoWeekday,A,B,C,G,H,P,U2018-09-20 01:32:30.850890,4,770,2592,875,1410,1455,310,811
2018-09-20 01:39:01.932373,4,773,2590,876,1415,1459,310,8102018-09-20 01:39:40.024931,4,773,2591,876,1414,1459,310,810
2018-09-20 01:39:52.258908,4,773,2591,876,1415,1459,310,810
2018-09-20 01:40:49.225890,4,773,2590,876,1412,1458,310,8102018-09-20 01:41:02.600454,4,773,2590,876,1412,1458,310,8102018-09-20 01:41:45.974102,4,772,2593,877,1416,1460,310,8102018-09-20 01:42:28.894637,4,773,2593,877,1414,1460,310,811
2018-09-20 01:42:42.144220,4,773,2593,877,1414,1460,310,811
2018-09-20 01:42:48.347157,4,773,2593,877,1414,1460,310,811
2018-09-20 01:46:19.293662,4,773,2593,878,1415,1459,310,811
2018-09-20 02:00:00.986621,4,779,2592,882,1443,1475,310,812
2018-09-20 02:15:00.755257,4,784,2597,883,1456,1488,310,812
2018-09-20 02:30:00.789552,4,785,2600,886,1468,1499,311,812
2018-09-20 02:45:00.761313,4,790,2608,886,1473,1505,311,812
2018-09-20 03:00:01.029949,4,789,2612,887,1477,1504,311,812
2018-09-20 03:15:00.782960,4,789,2614,888,1482,1507,311,814
2018-09-20 03:30:00.739099,4,788,2615,888,1481,1508,311,813
2018-09-20 03:45:00.788983,4,788,2615,888,1480,1507,311,812
2018-09-20 04:00:00.760745,4,788,2616,888,1482,1508,311,813
2018-09-20 04:15:01.545007,4,788,2616,888,1483,1509,311,814
2018-09-20 04:30:00.766768,4,788,2617,888,1484,1511,311,814
2018-09-20 04:45:00.785436,4,789,2614,888,1483,1509,311,813
2018-09-20 05:00:00.804074,4,790,2615,890,1479,1508,311,826
2018-09-20 05:15:00.760210,4,792,2614,890,1480,1509,311,826
2018-09-20 05:30:00.763222,4,792,2613,890,1481,1511,311,825
2018-09-20 05:45:07.750390,4,792,2611,889,1479,1510,312,827
2018-09-20 06:00:00.784869,4,790,2608,885,1474,1502,312,825
2018-09-20 06:15:06.881444,4,788,2603,882,1471,1499,312,822
2018-09-20 06:30:01.634615,4,784,2583,875,1467,1488,311,819
2018-09-20 06:45:02.668841,4,779,2548,862,1452,1474,312,805
2018-09-20 07:00:03.890571,4,763,2485,844,1433,1448,311,790
2018-09-20 07:15:06.971614,4,749,2441,820,1412,1423,310,770
2018-09-20 07:30:00.802971,4,737,2390,806,1240,1313,309,673
2018-09-20 07:45:00.821607,4,715,2318,779,1215,1284,309,647
2018-09-20 08:00:00.793368,4,690,2238,749,1182,1243,310,627
2018-09-20 08:15:00.765130,4,647,2137,716,1149,1193,310,611
2018-09-20 08:30:00.783767,4,592,1977,654,1097,1132,308,579
2018-09-20 08:45:00.802407,4,533,1807,590,1033,1058,309,550
2018-09-20 09:00:00.821041,4,440,1617,480,947,967,310,513
2018-09-20 09:15:00.839676,4,362,1462,356,861,865,309,488
2018-09-20 09:30:05.936282,4,277,1307,267,759,755,305,439
2018-09-20 09:45:00.830107,4,516,1117,528,632,629,302,391
2018-09-20 10:00:00.801869,4,401,976,364,525,523,298,351
2018-09-20 10:15:03.148535,4,299,795,224,396,394,290,316
2018-09-20 10:30:06.682704,4,222,681,123,310,307,275,284
2018-09-20 10:45:02.076505,4,146,563,54,243,241,258,263
2018-09-20 11:00:08.126196,4,75,435,FULL,192,187,249,241
2018-09-20 11:15:01.629395,4,21,337,FULL,154,150,233,219
2018-09-20 11:30:00.819939,4,FULL,258,8,105,101,222,203
2018-09-20 11:45:00.854201,4,FULL,173,FULL,67,65,211,179
2018-09-20 12:00:00.966587,4,FULL,85,FULL,24,23,201,164
2018-09-20 12:15:03.813286,4,FULL,FULL,FULL,FULL,FULL,186,158
2018-09-20 12:30:00.785142,4,FULL,FULL,FULL,17,14,163,138
2018-09-20 12:45:00.772530,4,7,FULL,FULL,FULL,FULL,143,108
2018-09-20 13:00:00.822417,4,FULL,FULL,FULL,FULL,FULL,119,83
2018-09-20 13:15:00.809803,4,FULL,FULL,FULL,8,FULL,115,54
2018-09-20 13:30:00.797165,4,FULL,46,FULL,10,FULL,72,31
2018-09-20 13:45:00.800201,4,FULL,49,FULL,FULL,FULL,36,18
2018-09-20 14:00:00.771946,4,FULL,44,10,9,FULL,26,15
2018-09-20 14:15:01.118726,4,FULL,46,FULL,FULL,FULL,19,9
2018-09-20 14:30:00.762394,4,FULL,50,FULL,FULL,FULL,20,FULL
2018-09-20 14:45:00.812281,4,FULL,52,FULL,FULL,FULL,37,13
2018-09-20 15:00:00.799668,4,FULL,FULL,FULL,FULL,FULL,48,16
2018-09-20 15:15:04.068210,4,9,43,FULL,FULL,FULL,53,19
2018-09-20 15:30:00.774442,4,10,69,14,FULL,FULL,57,21
2018-09-20 15:45:00.793079,4,11,82,15,FULL,FULL,53,25
2018-09-20 16:00:00.811715,4,14,101,10,FULL,FULL,61,27
2018-09-20 16:15:01.174103,4,19,131,26,11,11,73,27
2018-09-20 16:30:00.786453,4,52,189,54,48,29,84,79
2018-09-20 16:45:00.789501,4,48,223,68,53,39,90,104
2018-09-20 17:00:00.792544,4,56,272,96,65,56,105,136
2018-09-20 17:15:00.811182,4,96,345,126,108,85,123,147
2018-09-20 17:30:00.767319,4,126,400,172,124,102,148,177
2018-09-20 17:45:00.770331,4,222,509,243,165,144,154,215
2018-09-20 18:00:00.788968,4,331,579,249,224,189,156,244
2018-09-20 18:15:00.776354,4,487,642,282,290,251,169,269
2018-09-20 18:30:00.763741,4,624,717,301,336,290,168,307
2018-09-20 18:45:00.766753,4,744,780,299,387,334,174,336
2018-09-20 19:00:00.832265,4,837,756,288,456,410,169,356
2018-09-20 19:15:00.804026,4,845,753,308,473,432,169,367
2018-09-20 19:30:00.760196,4,845,753,308,473,432,169,367
2018-09-20 19:45:00.810081,4,896,871,417,583,542,188,420
2018-09-20 20:00:00.781844,4,867,881,434,614,581,183,437
2018-09-20 20:15:00.769230,4,851,947,470,639,584,187,446
2018-09-20 20:30:00.787867,4,857,1011,554,670,608,191,484
2018-09-20 20:45:00.759629,4,883,1117,646,708,644,204,498
2018-09-20 21:00:00.809516,4,911,1251,743,728,663,199,519
2018-09-20 21:15:05.609250,4,965,1385,857,753,694,208,547
2018-09-20 21:30:00.753040,4,1063,1544,1003,787,755,215,578
2018-09-20 21:45:00.787300,4,1167,1729,1166,836,826,228,611
2018-09-20 22:00:00.759095,4,1291,1912,1344,924,925,243,640
2018-09-20 22:15:00.824580,4,1463,2130,1561,1039,1065,257,689
2018-09-20 22:30:00.811994,4,1535,2265,1646,1108,1145,265,719
2018-09-20 22:45:00.752505,4,1563,2343,1686,1131,1182,273,728
2018-09-20 23:00:00.880517,4,1596,2393,1708,1173,1229,276,744
2018-09-20 23:15:02.680341,4,1611,2424,1735,1197,1248,285,760
2018-09-20 23:30:00.792791,4,1628,2458,1757,1205,1263,291,767
2018-09-20 23:45:00.795802,4,1646,2482,1776,1229,1286,294,776
2018-09-21 00:00:00.814440,5,1661,2512,1799,1266,1322,295,781
2018-09-21 00:15:06.379794,5,1675,2528,1816,1285,,299,787
2018-09-21 00:30:07.960868,5,738,2542,848,1336,,304,790
2018-09-21 00:45:00.761007,5,752,2548,857,1357,,305,792
2018-09-21 01:00:09.435609,5,755,2560,861,1373,,308,796
2018-09-21 01:15:00.751405,5,755,2565,865,1374,,308,797
2018-09-21 01:30:00.738792,5,759,2566,870,1389,,309,802
2018-09-21 01:45:00.726179,5,761,2570,867,1388,1437,309,802
2018-09-21 02:00:00.760441,5,768,2575,870,1406,1452,310,805
2018-09-21 02:15:07.888232,5,773,2581,873,1426,1461,310,805
2018-09-21 02:30:01.641432,5,780,2584,874,1443,1473,310,806
2018-09-21 02:45:02.628820,5,786,2589,875,1459,1484,310,807
2018-09-21 03:00:06.209831,5,790,2592,879,1477,1497,311,807
2018-09-21 03:15:01.572374,5,792,2595,879,1477,1498,311,807
2018-09-21 03:30:00.747293,5,792,2597,881,1482,1501,311,807
2018-09-21 03:45:00.781555,5,793,2599,881,1482,1502,311,807
2018-09-21 04:00:00.753320,5,793,2597,881,1482,1502,311,808
2018-09-21 04:15:00.725078,5,794,2598,881,1482,1504,311,807
2018-09-21 04:30:00.774965,5,797,2597,882,1481,1503,312,807
2018-09-21 04:45:00.762351,5,795,2597,882,1484,1506,311,808
2018-09-21 05:00:00.734113,5,795,2597,883,1484,1507,312,822
2018-09-21 05:15:00.721532,5,794,2598,884,1486,1507,311,820
2018-09-21 05:30:00.740168,5,796,2596,885,1485,1507,312,820
2018-09-21 05:45:08.008553,5,796,2594,883,1483,1505,312,821
2018-09-21 06:00:02.980504,5,793,2592,881,1475,1502,311,818
2018-09-21 06:15:00.749204,5,791,2584,874,1470,1493,312,814
2018-09-21 06:30:00.908466,5,789,2564,868,1465,1480,311,809
2018-09-21 06:45:00.739603,5,785,2539,852,1447,1461,310,802
2018-09-21 07:00:00.758242,5,772,2487,837,1430,1437,309,784
2018-09-21 07:15:00.745628,5,761,2436,821,1407,1416,309,762
2018-09-21 07:30:00.748638,5,746,2387,800,1227,1302,309,670
2018-09-21 07:45:00.704808,5,729,2322,777,1197,1263,308,658
2018-09-21 08:00:00.801569,5,700,2235,746,1164,1227,308,635
2018-09-21 08:15:00.773330,5,648,2121,716,1139,1186,308,607
2018-09-21 08:30:00.776342,5,596,1976,658,1091,1130,307,584
2018-09-21 08:45:00.779354,5,526,1819,598,1009,1054,307,555
2018-09-21 09:00:00.766740,5,434,1655,506,928,959,307,521
2018-09-21 09:15:00.754127,5,336,1462,394,837,856,304,478
2018-09-21 09:30:00.757139,5,221,1295,281,714,717,300,429
2018-09-21 09:45:00.775776,5,133,1131,183,600,599,294,394
2018-09-21 10:00:00.794411,5,56,962,76,485,482,285,360
2018-09-21 10:15:00.766174,5,284,811,FULL,363,362,279,330
2018-09-21 10:30:06.019030,5,170,665,209,254,254,269,308
2018-09-21 10:45:00.787855,5,100,545,117,158,157,256,277
2018-09-21 11:00:00.822117,5,34,444,71,89,91,239,252
2018-09-21 11:15:00.793880,5,FULL,340,19,31,31,226,236
2018-09-21 11:30:01.140642,5,FULL,250,FULL,FULL,FULL,209,212
2018-09-21 11:45:00.768654,5,FULL,167,FULL,FULL,FULL,185,186
2018-09-21 12:00:00.802918,5,FULL,70,FULL,FULL,FULL,172,157
2018-09-21 12:15:00.790303,5,FULL,FULL,8,FULL,FULL,154,137
2018-09-21 12:30:00.777662,5,FULL,FULL,FULL,FULL,FULL,132,119
2018-09-21 12:45:00.765078,5,FULL,FULL,FULL,FULL,FULL,100,97
2018-09-21 13:00:00.768122,5,FULL,FULL,FULL,FULL,FULL,83,64
2018-09-21 13:15:00.786757,5,FULL,FULL,FULL,FULL,FULL,58,35
2018-09-21 13:30:00.774143,5,FULL,FULL,FULL,FULL,FULL,31,10
2018-09-21 13:45:00.761531,5,FULL,FULL,FULL,FULL,FULL,7,FULL
2018-09-21 14:00:01.077044,5,FULL,43,FULL,FULL,FULL,5,FULL
2018-09-21 14:15:00.767554,5,FULL,FULL,9,FULL,FULL,4,12
2018-09-21 14:30:00.754941,5,FULL,FULL,FULL,FULL,FULL,9,FULL
2018-09-21 14:45:00.757954,5,FULL,70,FULL,FULL,FULL,18,8
2018-09-21 15:00:00.776590,5,FULL,49,FULL,FULL,FULL,26,12
2018-09-21 15:15:03.795106,5,
2018-09-21 15:30:00.767021,5,FULL,44,FULL,FULL,FULL,37,22
2018-09-21 15:45:00.770032,5,FULL,FULL,FULL,FULL,FULL,32,17
2018-09-21 16:00:10.569605,5,FULL,50,FULL,FULL,FULL,35,13
2018-09-21 16:15:01.604149,5,FULL,50,FULL,FULL,FULL,35,13
2018-09-21 16:30:00.779066,5,45,91,25,36,FULL,60,87
2018-09-21 16:45:01.078957,5,36,137,24,44,15,95,114
2018-09-21 17:00:00.769467,5,38,190,20,59,28,111,141
2018-09-21 17:15:00.788105,5,42,253,46,80,44,129,163
2018-09-21 17:30:00.791116,5,48,295,66,75,34,138,179
2018-09-21 17:45:00.934753,5,80,315,79,103,72,144,190
2018-09-21 18:00:00.765890,5,135,380,107,139,112,153,218
2018-09-21 18:15:00.784559,5,209,425,176,179,137,154,237
2018-09-21 18:30:00.771945,5,295,470,224,211,170,150,269
2018-09-21 18:45:00.774957,5,376,505,196,238,203,148,299
2018-09-21 19:00:00.777969,5,498,511,193,245,208,155,306
2018-09-21 19:15:00.765356,5,489,503,189,256,221,147,309
2018-09-21 19:30:00.768369,5,479,458,190,281,223,148,307
2018-09-21 19:45:00.787005,5,472,416,212,279,226,139,317
2018-09-21 20:00:00.774382,5,497,411,235,325,253,138,332
2018-09-21 20:15:00.746154,5,482,410,272,341,276,132,334
2018-09-21 20:30:08.264572,5,467,467,282,342,300,130,354
2018-09-21 20:45:00.736584,5,491,549,343,344,296,126,371
2018-09-21 21:00:00.786471,5,520,648,437,351,310,132,397
2018-09-21 21:15:00.773858,5,581,831,537,378,343,147,433
2018-09-21 21:30:00.917495,5,687,1056,678,418,407,168,474
2018-09-21 21:45:00.779881,5,818,1306,851,476,473,189,522
2018-09-21 22:00:00.798519,5,966,1543,1059,586,600,205,562
2018-09-21 22:15:00.739030,5,1152,1834,1297,731,764,226,604
2018-09-21 22:30:00.757667,5,1314,2024,1435,828,875,246,645
2018-09-21 22:45:00.745027,5,1372,2139,1522,866,922,250,657
2018-09-21 23:00:00.904317,5,1433,2223,1574,923,977,262,695
2018-09-21 23:15:00.766734,5,1433,2223,1574,923,977,262,695
2018-09-21 23:30:00.754121,5,1433,2223,1574,923,977,262,695
2018-09-21 23:45:00.772758,5,1433,2223,1574,923,977,262,695
2018-09-22 00:00:00.760145,6,1433,2223,1574,923,977,262,695
2018-09-22 00:15:00.997536,6,1433,2223,1574,923,977,262,695
2018-09-22 00:30:00.766169,6,1433,2223,1574,923,977,262,695
2018-09-22 00:45:00.769180,6,1433,2223,1574,923,977,262,695
2018-09-22 01:00:00.756568,6,1433,2223,1574,923,977,262,695
2018-09-22 01:15:00.775204,6,1433,2223,1574,923,977,262,695
2018-09-22 01:30:00.809466,6,1433,2223,1574,923,977,262,695
2018-09-22 01:45:00.718759,6,1433,2223,1574,923,977,262,695
2018-09-22 02:00:00.753021,6,1433,2223,1574,923,977,262,695
2018-09-22 02:15:00.756032,6,1433,2223,1574,923,977,262,695
2018-09-22 02:30:00.743419,6,1433,2223,1574,923,977,262,695
2018-09-22 02:45:00.762055,6,1433,2223,1574,923,977,262,695
2018-09-22 03:00:00.733818,6,1433,2223,1574,923,977,262,695
2018-09-22 03:15:07.907283,6,1433,2223,1574,923,977,262,695
2018-09-22 03:30:00.754296,6,1433,2223,1574,923,977,262,695
2018-09-22 03:45:00.757308,6,1433,2223,1574,923,977,262,695
2018-09-22 04:00:00.760320,6,1433,2223,1574,923,977,262,695
2018-09-22 04:15:00.763331,6,1433,2223,1574,923,977,262,695
2018-09-22 04:30:00.750718,6,1433,2223,1574,923,977,262,695
2018-09-22 04:45:00.753730,6,1433,2223,1574,923,977,262,695
2018-09-22 05:00:00.756742,6,1768,2608,1887,1466,1487,311,819
2018-09-22 05:15:07.165816,6,1764,2609,1883,1464,1485,311,819
2018-09-22 05:30:00.762765,6,1765,2608,1885,1465,1486,311,820
2018-09-22 05:45:00.750152,6,1765,2608,1885,1462,1484,311,820
2018-09-22 06:00:00.737571,6,1764,2607,1885,1457,1483,311,819
2018-09-22 06:15:00.771832,6,1764,2605,1885,1455,1482,311,820
2018-09-22 06:30:00.759219,6,1762,2602,1881,1455,1483,311,820
2018-09-22 06:45:00.762233,6,1761,2597,1872,1455,1480,311,821
2018-09-22 07:00:00.749617,6,1755,2593,1862,1451,1475,311,820
2018-09-22 07:15:00.768254,6,1757,2591,1864,1448,1476,309,820
2018-09-22 07:30:00.755643,6,1756,2588,1860,1446,1472,310,820
2018-09-22 07:45:07.180341,6,1744,2585,1844,1438,1462,307,818
2018-09-22 08:00:00.761666,6,1730,2572,1829,1428,1450,307,816
2018-09-22 08:15:00.780301,6,1702,2552,1810,1421,1443,308,803
2018-09-22 08:30:00.752096,6,1677,2514,1773,1397,1425,308,788
2018-09-22 08:45:00.739483,6,1633,2473,1727,1379,1405,307,771
2018-09-22 09:00:12.523366,6,1571,2426,1666,1351,1375,306,752
2018-09-22 09:15:01.932974,6,1501,2375,1598,1323,1339,305,740
2018-09-22 09:30:00.764142,6,1404,2301,1488,1270,1283,301,727
2018-09-22 09:45:00.767154,6,1299,2200,1333,1226,1225,296,709
2018-09-22 10:00:00.738918,6,1155,2067,1160,1143,1144,294,687
2018-09-22 10:15:00.788803,6,1019,1916,994,1066,1063,283,661
2018-09-22 10:30:00.776193,6,884,1759,835,1012,1012,272,637
2018-09-22 10:45:00.779201,6,770,1621,658,950,944,254,624
2018-09-22 11:00:00.797870,6,661,1455,488,875,877,243,590
2018-09-22 11:15:07.425661,6,584,1315,405,824,805,227,562
2018-09-22 11:30:01.413236,6,506,1166,330,755,719,205,540
2018-09-22 11:45:00.775656,6,437,1034,264,687,656,190,509
2018-09-22 12:00:00.809918,6,379,879,194,642,612,175,485
2018-09-22 12:15:00.781679,6,323,754,159,590,565,164,462
2018-09-22 12:30:00.784689,6,291,665,123,542,523,148,432
2018-09-22 12:45:00.787700,6,240,587,97,508,485,134,418
2018-09-22 13:00:00.775091,6,204,539,97,461,441,124,402
2018-09-22 13:15:00.793727,6,181,458,69,448,428,115,402
2018-09-22 13:30:00.765520,6,157,420,75,437,411,111,395
2018-09-22 13:45:00.768533,6,127,357,77,427,405,112,385
2018-09-22 14:00:00.771543,6,109,336,73,390,373,106,378
2018-09-22 14:15:00.758932,6,95,315,57,401,372,106,367
2018-09-22 14:30:00.793191,6,81,295,53,390,362,107,353
2018-09-22 14:45:00.780577,6,69,279,23,385,361,116,351
2018-09-22 15:00:00.783592,6,56,249,12,355,338,118,350
2018-09-22 15:15:01.099102,6,53,197,22,311,301,116,352
2018-09-22 15:30:00.773987,6,42,211,26,286,278,117,352
2018-09-22 15:45:00.792624,6,47,232,31,279,267,121,352
2018-09-22 16:00:11.748446,6,51,248,50,264,255,125,361
2018-09-22 16:15:01.845523,6,52,260,91,265,255,130,372
2018-09-22 16:30:00.848566,6,59,303,110,270,257,139,387
2018-09-22 16:45:00.773453,6,69,354,102,280,265,144,401
2018-09-22 17:00:00.760840,6,76,370,118,276,264,144,392
2018-09-22 17:15:01.170102,6,113,403,156,290,279,136,405
2018-09-22 17:30:00.766863,6,142,442,152,297,277,140,419
2018-09-22 17:45:00.785500,6,163,517,173,313,289,143,442
2018-09-22 18:00:00.804136,6,182,562,201,322,296,147,454
2018-09-22 18:15:01.260227,6,217,594,200,356,317,147,455
2018-09-22 18:30:00.794567,6,235,601,225,374,333,149,463
2018-09-22 18:45:00.750705,6,257,625,215,373,336,143,462
2018-09-22 19:00:00.769340,6,263,666,217,394,350,138,469
2018-09-22 19:15:03.709759,6,252,642,239,384,359,127,457
2018-09-22 19:30:00.790988,6,239,640,227,382,359,121,466
2018-09-22 19:45:00.778377,6,225,645,209,387,367,119,460
2018-09-22 20:00:00.750137,6,221,665,208,385,364,114,454
2018-09-22 20:15:06.409239,6,235,696,225,415,383,115,468
2018-09-22 20:30:00.756161,6,271,784,274,400,371,124,468
2018-09-22 20:45:00.837298,6,305,862,339,400,371,130,486
2018-09-22 21:00:00.777842,6,370,990,438,402,373,131,510
2018-09-22 21:15:00.765229,6,487,1133,552,415,407,142,537
2018-09-22 21:30:02.955678,6,611,1302,682,442,461,155,574
2018-09-22 21:45:00.724377,6,760,1488,833,501,528,180,610
2018-09-22 22:00:09.336481,6,953,1729,1060,596,630,212,654
2018-09-22 22:15:01.246025,6,1186,2024,1323,762,812,238,697
2018-09-22 22:30:00.795919,6,1363,2226,1507,866,932,248,740
2018-09-22 22:45:07.658079,6,1457,2329,1615,927,996,254,751
2018-09-22 23:00:00.755061,6,1504,2384,1666,980,1059,262,761
2018-09-22 23:15:00.804978,6,1523,2427,1718,1003,1084,268,769
2018-09-22 23:30:07.807772,6,1554,2435,1666,1017,1095,269,773
2018-09-22 23:45:00.795378,6,1568,2435,1686,1017,1095,269,773
2018-09-23 00:00:00.751515,7,1599,2435,1707,1017,1095,269,773
2018-09-23 00:15:03.473181,7,1611,2435,1724,1017,1095,269,773
2018-09-23 00:30:07.897943,7,1652,2435,1743,1017,1095,269,773
2018-09-23 00:45:01.244926,7,1685,2435,1775,1017,1095,269,773
2018-09-23 01:00:04.997811,7,1701,2435,1780,1017,1095,269,773
2018-09-23 01:15:02.032166,7,1711,2435,1790,1017,1095,269,773
2018-09-23 01:30:00.800835,7,1719,2435,1798,1017,1095,269,773
2018-09-23 01:45:00.788254,7,1725,2435,1799,1017,1095,269,773
2018-09-23 02:00:12.368976,7,1734,2435,1798,1017,1095,269,773
2018-09-23 02:15:04.934778,7,1736,2435,1800,1017,1095,269,773
2018-09-23 02:30:02.594101,7,1755,2435,1803,1017,1095,269,773
2018-09-23 02:45:01.503394,7,1761,2435,1806,1017,1095,269,773
2018-09-23 03:00:00.756437,7,1642,2435,1813,1017,1095,269,773
2018-09-23 03:15:00.759437,7,1771,2435,1817,1017,1095,269,773
2018-09-23 03:30:00.762460,7,1772,2435,1820,1017,1095,269,773
2018-09-23 03:45:08.621824,7,1773,2435,1820,1017,1095,269,773
2018-09-23 04:00:00.765712,7,1774,2435,1819,1017,1095,269,773
2018-09-23 04:15:00.768723,7,1775,2435,1820,1017,1095,269,773
2018-09-23 04:30:00.756110,7,1775,2435,1820,1017,1095,269,773
2018-09-23 04:45:00.743497,7,1775,2435,1819,1017,1095,269,773
2018-09-23 05:00:00.777729,7,1775,2435,1820,1017,1095,269,773
2018-09-23 05:15:00.749552,7,1776,2435,1821,1017,1095,269,773
2018-09-23 05:30:00.736939,7,1776,2435,1822,1017,1095,269,773
2018-09-23 05:45:00.739951,7,1774,2435,1822,1017,1095,269,773
2018-09-23 06:00:00.789850,7,1774,2435,1821,1017,1095,269,773
2018-09-23 06:15:00.745974,7,1774,2435,1821,1017,1095,269,773
2018-09-23 06:30:00.780235,7,1775,2435,1821,1017,1095,269,773
2018-09-23 06:45:00.751997,7,1775,2435,1814,1017,1095,269,773
2018-09-23 07:00:00.755000,7,1774,2435,1805,1017,1095,269,773
2018-09-23 07:15:00.820522,7,1773,2435,1805,1017,1095,269,773
2018-09-23 07:30:02.057877,7,1766,2435,1809,1017,1095,269,773
2018-09-23 07:45:00.779701,7,1764,2435,1805,1017,1095,269,773
2018-09-23 08:00:00.782713,7,1754,2435,1802,1017,1095,269,773
2018-09-23 08:15:00.770100,7,1742,2435,1800,1017,1095,269,773
2018-09-23 08:30:00.773112,7,1714,2525,1793,1454,1464,297,800
2018-09-23 08:45:00.760502,7,1686,2490,1828,1432,1448,296,789
2018-09-23 09:00:00.794761,7,1650,2446,1785,1404,1429,294,783
2018-09-23 09:15:08.110052,7,1608,2391,1736,1379,1394,294,772
2018-09-23 09:30:04.988159,7,1532,2349,1641,1332,1344,291,765
2018-09-23 09:45:01.710014,7,1425,2246,1510,1274,1282,288,755
2018-09-23 10:00:01.541183,7,1293,2098,1301,1195,1209,277,737
2018-09-23 10:15:00.762976,7,1128,1951,1078,1131,1129,261,714
2018-09-23 10:30:01.625333,7,989,1783,875,1054,1042,253,698
2018-09-23 10:45:01.050219,7,840,1619,682,992,956,241,675
2018-09-23 11:00:01.537605,7,725,1471,560,916,860,219,648
2018-09-23 11:15:00.775025,7,625,1317,432,850,790,201,622
2018-09-23 11:30:01.574879,7,515,1157,292,785,729,193,593
2018-09-23 11:45:00.749797,7,438,992,232,707,669,171,560
2018-09-23 12:00:01.518402,7,369,832,182,627,607,162,535
2018-09-23 12:15:00.802701,7,296,707,145,539,529,148,508
2018-09-23 12:30:01.493209,7,213,625,122,453,448,128,474
2018-09-23 12:45:00.793127,7,150,542,95,386,376,106,453
2018-09-23 13:00:01.592982,7,108,465,59,328,319,97,424
2018-09-23 13:15:00.783526,7,57,374,34,268,261,81,398
2018-09-23 13:30:01.536508,7,40,309,20,222,216,67,382
2018-09-23 13:45:00.773927,7,33,270,30,187,182,60,355
2018-09-23 14:00:01.573782,7,27,234,42,155,149,55,333
2018-09-23 14:15:00.795573,7,31,199,24,132,130,51,321
2018-09-23 14:30:01.532900,7,38,192,19,128,116,53,315
2018-09-23 14:45:00.770348,7,47,151,34,100,87,49,309
2018-09-23 15:00:01.601485,7,46,146,35,85,73,48,310
2018-09-23 15:15:00.791994,7,46,151,FULL,71,63,52,302
2018-09-23 15:30:01.591882,7,52,183,40,75,63,51,310
2018-09-23 15:45:00.766801,7,53,186,45,68,66,47,323
2018-09-23 16:00:01.597907,7,57,205,28,72,70,43,321
2018-09-23 16:15:00.804075,7,48,237,31,63,62,45,315
2018-09-23 16:30:01.603930,7,87,258,69,82,84,64,336
2018-09-23 16:45:00.778849,7,119,291,69,86,80,69,362
2018-09-23 17:00:01.594329,7,151,364,90,86,88,78,369
2018-09-23 17:15:00.816123,7,
2018-09-23 17:30:01.584760,7,218,518,155,148,137,102,397
2018-09-23 17:45:00.790897,7,261,540,159,172,161,110,414
2018-09-23 18:00:01.559540,7,285,579,202,201,195,112,431
2018-09-23 18:15:00.781331,7,334,612,224,241,225,115,439
2018-09-23 18:30:01.581181,7,365,676,290,301,269,112,456
2018-09-23 18:45:00.771725,7,394,720,305,316,298,118,464
2018-09-23 20:30:01.120934,7,555,1231,558,479,475,188,582
2018-09-23 20:45:00.873982,7,623,1393,664,517,508,204,599
2018-09-23 21:00:01.501969,7,699,1537,760,564,560,218,619
2018-09-23 21:15:00.942509,7,817,1691,907,612,609,231,639
2018-09-23 21:30:01.414232,7,946,1879,1059,671,685,256,669
2018-09-23 21:45:00.948527,7,1010,1964,1166,722,749,268,686
2018-09-23 22:00:00.982786,7,1010,1964,1166,722,749,268,686
2018-09-23 22:15:00.876423,7,1398,2334,1602,980,1031,292,757
2018-09-23 22:30:09.051059,7,1506,2447,1692,1077,1147,300,775
2018-09-23 22:45:00.882447,7,1567,2505,1730,1106,1182,304,789
2018-09-23 23:00:01.447959,7,1598,2540,1762,1149,1219,308,798
2018-09-23 23:15:00.966596,7,1609,2565,1783,1188,1247,309,803
2018-09-23 23:30:01.313360,7,1625,2581,1804,1205,1265,312,800
2018-09-23 23:45:00.785151,7,1629,2594,1810,1218,1272,314,813
2018-09-24 00:00:01.397512,1,1651,2601,1829,1256,1309,314,816
2018-09-24 00:15:08.681549,1,1657,2610,1841,1262,1313,315,816
2018-09-24 00:30:08.856435,1,1689,2618,1849,1321,1362,316,819
2018-09-24 00:45:07.343885,1,739,2625,856,1371,1402,317,819
2018-09-24 01:00:01.409585,1,745,2628,858,1385,1416,316,823
2018-09-24 01:15:00.850096,1,749,2629,859,1397,1421,317,815
2018-09-24 01:30:01.431236,1,751,2631,862,1404,1427,317,825
2018-09-24 01:45:00.793652,1,754,2631,863,1412,1436,317,824
2018-09-24 02:00:01.437259,1,761,2630,864,1423,1448,317,824
2018-09-24 02:15:00.909051,1,765,2631,867,1449,1471,317,824
2018-09-24 02:30:00.958937,1,770,2634,871,1463,1481,317,824
2018-09-24 02:45:01.008825,1,786,2634,879,1484,1500,317,824
2018-09-24 03:00:01.668054,1,786,2633,881,1490,1506,317,828
2018-09-24 03:15:01.280472,1,786,2635,881,1493,1507,316,828
2018-09-24 03:30:01.408459,1,788,2636,881,1494,1508,317,827
2018-09-24 03:45:00.786486,1,788,2634,882,1493,1509,316,828
2018-09-24 04:00:01.369682,1,788,2633,881,1493,1506,317,828
2018-09-24 04:15:00.808177,1,788,2634,882,1494,1507,316,828
2018-09-24 04:30:01.420532,1,789,2633,882,1492,1505,317,828
2018-09-24 04:45:00.829826,1,790,2633,883,1494,1507,317,828
2018-09-24 05:00:01.379680,1,792,2632,883,1493,1505,317,819
2018-09-24 05:15:00.773348,1,792,2634,884,1494,1506,317,821
2018-09-24 05:30:01.354490,1,792,2634,884,1495,1508,317,821
2018-09-24 05:45:00.810621,1,FULL,2629,883,1493,1506,316,821
2018-09-24 06:00:01.126133,1,791,2627,881,1490,1502,317,821
2018-09-24 06:15:00.847862,1,787,2619,874,1490,1499,317,815
2018-09-24 06:30:00.975906,1,785,2593,866,1481,1482,316,813
2018-09-24 06:45:08.509950,1,783,2582,861,1474,1475,317,807
2018-09-24 07:00:01.466307,1,763,2511,824,1443,1435,317,779
2018-09-24 07:15:00.797474,1,745,2458,802,1417,1399,316,773
2018-09-24 07:30:07.847141,1,735,2411,790,1387,1371,316,754
2018-09-24 07:45:01.584715,1,715,2338,764,1206,1256,316,655
2018-09-24 08:00:16.368539,1,687,2256,741,1174,1218,315,635
2018-09-24 08:15:01.450146,1,645,2164,689,1128,1170,315,609
2018-09-24 08:30:00.937533,1,593,1995,634,1069,1107,315,583
2018-09-24 08:45:00.853407,1,532,1820,568,1003,1041,313,558
2018-09-24 09:00:00.771720,1,453,1654,474,909,951,310,537
2018-09-24 09:15:01.009009,1,343,1450,378,831,845,313,498
2018-09-24 09:30:01.152705,1,250,1277,272,708,708,308,460
2018-09-24 09:45:00.780750,1,163,1115,173,589,589,303,413
2018-09-24 10:00:01.018136,1,84,938,67,444,444,298,374
2018-09-24 10:15:02.809638,1,298,796,223,322,322,291,336
2018-09-24 10:30:00.930409,1,218,708,149,254,254,285,320
2018-09-24 10:45:02.667733,1,147,590,77,205,204,268,299
2018-09-24 11:00:06.873746,1,86,492,36,147,145,263,282
2018-09-24 11:15:03.033133,1,45,418,12,107,103,245,255
2018-09-24 11:30:06.192299,1,17,329,FULL,70,70,234,235
2018-09-24 11:45:04.882874,1,FULL,266,FULL,39,36,218,224
2018-09-24 12:00:00.879382,1,FULL,168,FULL,8,FULL,206,207
2018-09-24 12:15:02.076491,1,7,114,FULL,FULL,FULL,184,193
2018-09-24 12:30:01.157660,1,FULL,42,8,FULL,FULL,167,176
2018-09-24 12:45:00.957547,1,FULL,FULL,FULL,8,FULL,141,162
2018-09-24 13:00:01.101184,1,FULL,FULL,FULL,FULL,FULL,120,135
2018-09-24 13:15:04.104103,1,FULL,FULL,FULL,FULL,FULL,98,122
2018-09-24 13:30:01.341583,1,FULL,FULL,FULL,FULL,FULL,75,91
2018-09-24 13:45:00.844594,1,FULL,FULL,FULL,FULL,FULL,64,70
2018-09-24 14:00:00.941355,1,12,FULL,FULL,FULL,FULL,67,45
2018-09-24 14:15:01.928743,1,12,52,16,9,FULL,80,44
2018-09-24 14:30:01.150504,1,FULL,43,FULL,FULL,FULL,96,41
2018-09-24 14:45:00.829728,1,13,44,9,17,FULL,94,43
2018-09-24 15:00:01.187809,1,FULL,54,7,8,FULL,97,45
2018-09-24 15:15:02.659510,1,19,59,15,FULL,FULL,93,51
2018-09-24 15:30:01.553182,1,36,74,28,17,14,94,51
2018-09-24 15:45:01.778897,1,29,95,33,8,FULL,92,68
2018-09-24 16:00:05.637232,1,23,126,32,28,24,116,75
2018-09-24 16:15:00.827868,1,25,170,45,26,25,134,87
2018-09-24 16:30:01.190256,1,26,210,38,40,38,143,103
2018-09-24 16:45:00.771424,1,70,263,55,80,50,163,162
2018-09-24 17:00:01.000466,1,83,328,66,108,78,183,200
2018-09-24 17:15:01.902417,1,123,395,100,148,120,202,248
2018-09-24 17:30:01.308038,1,179,483,144,173,152,206,295
2018-09-24 17:45:01.002221,1,268,602,187,246,209,219,322
2018-09-24 18:00:01.208359,1,387,677,220,293,238,225,356
2018-09-24 18:15:02.430089,1,526,757,298,359,302,230,387
2018-09-24 18:30:08.495413,1,691,891,387,462,403,240,415
2018-09-24 18:45:01.514270,1,805,963,422,523,460,239,434
2018-09-24 19:00:01.064156,1,912,997,443,576,502,243,475
2018-09-24 19:15:02.692138,1,999,1065,446,653,586,234,504
2018-09-24 19:30:01.226475,1,1049,1063,457,673,628,229,517
2018-09-24 19:45:01.573192,1,1051,1101,544,706,666,233,536
2018-09-24 20:00:01.279329,1,1072,1174,609,747,710,241,549
2018-09-24 20:15:01.844839,1,1066,1241,676,789,757,244,563
2018-09-24 20:30:01.347884,1,1084,1327,770,841,784,247,581
2018-09-24 20:45:07.303839,1,1088,1436,853,872,813,251,605
2018-09-24 21:00:01.135158,1,1131,1558,962,909,852,251,633
2018-09-24 21:15:00.903783,1,1201,1721,1116,951,898,255,659
2018-09-24 21:30:01.391182,1,1269,1856,1238,978,943,264,680
2018-09-24 21:45:08.097100,1,1360,2025,1386,1031,1004,274,704
2018-09-24 22:00:00.865988,1,1449,2147,1518,1099,1090,283,718
2018-09-24 22:15:00.947125,1,1401,2339,1666,1177,1182,295,735
2018-09-24 22:30:01.153154,1,1450,2423,1737,1210,1235,303,762
2018-09-24 22:45:00.875023,1,1467,2472,1760,1215,1250,303,770
2018-09-24 23:00:02.315505,1,1636,2497,1769,1231,1271,306,783
2018-09-24 23:15:01.709141,1,1662,2519,1793,1260,1299,307,792
2018-09-24 23:30:01.415304,1,1668,2548,1813,1278,1321,308,796
2018-09-24 23:45:00.777696,1,1674,2564,1828,1298,1339,309,797
2018-09-25 00:00:01.452584,2,1686,2583,1841,1326,1362,309,799
2018-09-25 00:15:00.846252,2,1687,2600,1852,1335,1376,311,801
2018-09-25 00:30:02.740530,2,1700,2604,1861,1374,1413,314,803
2018-09-25 00:45:00.864896,2,750,2610,856,1407,1443,316,807
2018-09-25 01:00:01.449007,2,757,2616,860,1409,1444,316,807
2018-09-25 01:15:00.968499,2,762,2614,862,1418,1448,316,808
2018-09-25 01:30:06.892332,2,771,2617,866,1430,1457,316,811
2018-09-25 01:45:00.817448,2,773,2616,869,1433,1460,316,810
2018-09-25 02:00:01.461114,2,775,2622,874,1440,1467,315,811
2018-09-25 02:15:02.964035,2,779,2624,878,1457,1475,315,811
2018-09-25 02:30:01.170235,2,780,2622,882,1469,1482,316,813
2018-09-25 02:45:00.798290,2,786,2627,883,1483,1491,316,812
2018-09-25 03:00:01.551260,2,786,2626,885,1487,1496,316,812
2018-09-25 03:15:01.257396,2,787,2628,886,1488,1497,316,812
2018-09-25 03:30:01.154210,2,787,2629,886,1489,1500,315,812
2018-09-25 03:45:00.810332,2,788,2628,886,1489,1500,316,812
2018-09-25 04:00:03.250800,2,788,2628,886,1489,1500,316,812
2018-09-25 04:15:02.628791,2,788,2627,886,1489,1499,316,813
2018-09-25 04:30:01.381862,2,787,2628,887,1489,1499,316,813
2018-09-25 04:45:03.634781,2,787,2629,887,1490,1501,316,813
2018-09-25 05:00:16.059290,2,788,2628,887,1491,1504,315,813
2018-09-25 05:15:02.906460,2,788,2629,887,1491,1504,316,818
2018-09-25 05:30:01.253287,2,791,2629,887,1489,1504,316,817
2018-09-25 05:45:01.021922,2,792,2627,886,1489,1505,316,816
2018-09-25 06:00:14.930776,2,789,2621,885,1488,1501,316,816
2018-09-25 06:15:02.887290,2,786,2615,878,1487,1498,316,809
2018-09-25 06:30:04.312073,2,784,2593,869,1476,1484,316,803
2018-09-25 06:45:00.824187,2,778,2572,854,1468,1472,314,786
2018-09-25 07:00:00.833889,2,773,2509,831,1446,1453,315,770
2018-09-25 07:15:01.473789,2,758,2474,818,1428,1429,314,747
2018-09-25 07:30:00.918037,2,743,2425,808,1396,1398,313,726
2018-09-25 07:45:01.077299,2,722,2358,789,1210,1268,313,627
2018-09-25 08:00:06.564530,2,687,2274,749,1189,1241,314,603
2018-09-25 08:15:03.739511,2,640,2147,723,1151,1194,313,579
2018-09-25 08:30:01.211336,2,582,1999,682,1091,1139,314,557
2018-09-25 08:45:00.808129,2,519,1832,603,1030,1067,314,524
2018-09-25 09:00:01.024929,2,424,1651,515,952,990,314,497
2018-09-25 09:15:00.829777,2,313,1452,409,855,887,312,464
2018-09-25 09:30:01.406486,2,204,1250,302,756,758,308,434
2018-09-25 09:45:00.804552,2,116,1072,193,627,624,300,387
2018-09-25 10:00:01.354439,2,27,905,91,518,516,294,349
2018-09-25 10:15:01.185575,2,223,769,257,397,396,281,321
2018-09-25 10:30:01.110463,2,128,627,158,310,310,269,282
2018-09-25 10:45:00.972850,2,75,515,83,256,257,263,259
2018-09-25 11:00:01.350862,2,24,411,22,198,198,243,242
2018-09-25 11:15:01.010117,2,FULL,334,FULL,167,169,225,217
2018-09-25 11:30:01.419386,2,FULL,248,FULL,129,130,209,196
2018-09-25 11:45:00.929274,2,FULL,162,FULL,97,99,191,177
2018-09-25 12:00:08.378289,2,FULL,74,FULL,55,53,176,164
2018-09-25 12:15:02.209672,2,FULL,FULL,FULL,33,32,155,151
2018-09-25 12:30:01.337716,2,FULL,FULL,FULL,FULL,FULL,134,128
2018-09-25 12:45:00.871976,2,
2018-09-25 13:00:01.374989,2,FULL,FULL,FULL,FULL,FULL,79,68
2018-09-25 13:15:00.956127,2,FULL,FULL,FULL,FULL,FULL,57,38
2018-09-25 13:30:01.412263,2,FULL,FULL,FULL,FULL,FULL,38,19
2018-09-25 13:45:00.805931,2,FULL,FULL,11,FULL,FULL,19,7
2018-09-25 14:00:16.386564,2,FULL,FULL,FULL,FULL,FULL,5,FULL
2018-09-25 14:15:02.530643,2,FULL,FULL,9,FULL,FULL,8,FULL
2018-09-25 14:30:08.017873,2,8,42,FULL,FULL,FULL,13,22
2018-09-25 14:45:00.974232,2,FULL,FULL,8,FULL,FULL,47,32
2018-09-25 15:00:00.852227,2,13,42,FULL,FULL,FULL,53,20
2018-09-25 15:15:02.652065,2,13,FULL,14,8,FULL,60,24
2018-09-25 15:30:01.139515,2,FULL,53,24,8,FULL,71,31
2018-09-25 15:45:01.080027,2,13,71,37,FULL,FULL,89,40
2018-09-25 16:00:01.348663,2,18,82,27,9,FULL,96,55
2018-09-25 16:15:01.054801,2,18,110,28,FULL,FULL,110,81
2018-09-25 16:30:01.667207,2,25,145,25,25,25,126,106
2018-09-25 16:45:01.498325,2,45,193,57,76,59,146,155
2018-09-25 17:00:01.501336,2,66,246,75,96,79,164,177
2018-09-25 17:15:06.691693,2,74,305,114,132,120,171,205
2018-09-25 17:30:01.366767,2,99,375,149,181,167,176,234
2018-09-25 17:45:00.954095,2,169,464,189,241,200,175,252
2018-09-25 18:00:01.341542,2,264,540,171,286,245,178,279
2018-09-25 18:15:00.891428,2,409,608,193,338,293,183,310
2018-09-25 18:30:01.331941,2,540,690,215,408,347,183,334
2018-09-25 18:45:01.038077,2,663,747,234,469,403,186,355
2018-09-25 19:00:01.447339,2,767,789,271,518,448,186,385
2018-09-25 19:15:00.997258,2,786,787,293,557,481,192,404
2018-09-25 19:30:01.500238,2,810,840,348,580,516,192,418
2018-09-25 19:45:03.674910,2,806,858,391,595,541,196,439
2018-09-25 20:00:00.818793,2,805,897,398,640,584,197,460
2018-09-25 20:15:00.993680,2,814,947,466,649,598,200,481
2018-09-25 20:30:01.246693,2,835,1027,532,677,621,207,489
2018-09-25 20:45:00.812204,2,859,1136,629,693,635,214,510
2018-09-25 21:00:01.518348,2,898,1251,723,730,666,222,543
2018-09-25 21:15:00.927603,2,960,1423,885,778,722,234,565
2018-09-25 21:30:01.383742,2,1049,1577,1023,841,815,248,595
2018-09-25 21:45:00.929446,2,1170,1790,1176,901,891,262,630
2018-09-25 22:00:01.561645,2,1310,1987,1353,964,985,269,667
2018-09-25 22:15:00.861559,2,1442,2226,1432,1073,1118,282,706
2018-09-25 22:30:02.942634,2,1511,2339,1539,1118,1177,290,725
2018-09-25 22:45:08.351738,2,1555,2411,1577,1148,1223,292,735
2018-09-25 23:00:01.839338,2,1579,2459,1610,1191,1260,291,747
2018-09-25 23:15:03.154794,2,
2018-09-25 23:30:01.157869,2,1646,2528,1670,1269,1337,297,766
2018-09-25 23:45:00.739037,2,1659,2551,1689,1292,1359,298,775
2018-09-26 00:00:01.445142,3,1672,2571,1707,1320,1383,300,778
2018-09-26 00:15:00.838811,3,1684,2585,1717,1329,1388,301,778
2018-09-26 00:30:01.623042,3,1684,2585,1717,1329,1388,301,778
2018-09-26 00:45:00.766716,3,1684,2585,1717,1329,1388,301,778
2018-09-26 01:00:01.146396,3,1684,2585,1717,1329,1388,301,778
2018-09-26 01:15:01.100858,3,1684,2585,1717,1329,1388,301,778
2018-09-26 01:30:01.166372,3,1684,2585,1717,1329,1388,301,778
2018-09-26 01:45:00.731882,3,1684,2585,1717,1329,1388,301,778
2018-09-26 02:00:01.375520,3,1684,2585,1717,1329,1388,301,778
2018-09-26 02:15:00.987907,3,1684,2585,1717,1329,1388,301,778
2018-09-26 02:30:01.350294,3,1684,2585,1717,1329,1388,301,778
2018-09-26 02:45:00.822087,3,1684,2585,1717,1329,1388,301,778
2018-09-26 03:00:01.450068,3,1684,2585,1717,1329,1388,301,778
2018-09-26 03:15:00.818135,3,1684,2585,1717,1329,1388,301,778
2018-09-26 03:30:01.331091,3,1684,2585,1717,1329,1388,301,778
2018-09-26 03:45:00.756009,3,1684,2585,1717,1329,1388,301,778
2018-09-26 04:00:02.758960,3,1684,2585,1717,1329,1388,301,778
2018-09-26 04:15:00.777658,3,1684,2585,1717,1329,1388,301,778
2018-09-26 04:30:01.171296,3,1684,2585,1717,1329,1388,301,778
2018-09-26 04:45:00.861809,3,1684,2585,1717,1329,1388,301,778
2018-09-26 05:00:01.349194,3,1684,2585,1717,1329,1388,301,778
2018-09-26 05:15:02.513511,3,1684,2585,1717,1329,1388,301,778
2018-09-26 05:30:01.124844,3,1684,2585,1717,1329,1388,301,778
2018-09-26 05:45:00.827011,3,1684,2585,1717,1329,1388,301,778
2018-09-26 06:00:14.032740,3,1684,2585,1717,1329,1388,301,778
2018-09-26 06:15:02.879848,3,1684,2585,1717,1329,1388,301,778
2018-09-26 06:30:01.367298,3,1684,2585,1717,1329,1388,301,778
2018-09-26 06:45:00.745309,3,1684,2585,1717,1329,1388,301,778
2018-09-26 07:00:01.388946,3,1684,2585,1717,1329,1388,301,778
2018-09-26 07:15:00.798208,3,1684,2585,1717,1329,1388,301,778
2018-09-26 07:30:01.301221,3,1684,2585,1717,1329,1388,301,778
2018-09-26 07:45:01.085487,3,1684,2585,1717,1329,1388,301,778
2018-09-26 08:00:00.932276,3,1684,2585,1717,1329,1388,301,778
2018-09-26 08:15:00.935288,3,1684,2585,1717,1329,1388,301,778
2018-09-26 08:30:00.953925,3,1684,2585,1717,1329,1388,301,778
2018-09-26 08:45:08.347310,3,1684,2585,1717,1329,1388,301,778
2018-09-26 09:00:00.803698,3,1684,2585,1717,1329,1388,301,778
2018-09-26 09:15:01.837928,3,1684,2585,1717,1329,1388,301,778
2018-09-26 09:30:00.778476,3,1684,2585,1717,1329,1388,301,778
2018-09-26 09:45:00.781484,3,1684,2585,1717,1329,1388,301,778
2018-09-26 10:00:00.971996,3,1684,2585,1717,1329,1388,301,778
2018-09-26 10:15:00.771915,3,1684,2585,1717,1329,1388,301,778
2018-09-26 10:30:01.743648,3,1684,2585,1717,1329,1388,301,778
2018-09-26 10:45:00.793571,3,1684,2585,1717,1329,1388,301,778
2018-09-26 11:00:01.374669,3,1684,2585,1717,1329,1388,301,778
2018-09-26 11:15:00.783962,3,1684,2585,1717,1329,1388,301,778
2018-09-26 11:30:01.443193,3,1684,2585,1717,1329,1388,301,778
2018-09-26 11:45:00.758737,3,1684,2585,1717,1329,1388,301,778
2018-09-26 12:00:00.761761,3,1684,2585,1717,1329,1388,301,778
2018-09-26 12:15:00.842887,3,1684,2585,1717,1329,1388,301,778
2018-09-26 12:30:01.455273,3,1684,2585,1717,1329,1388,301,778
2018-09-26 12:45:00.770790,3,1684,2585,1717,1329,1388,301,778
2018-09-26 13:00:01.461300,3,1684,2585,1717,1329,1388,301,778
2018-09-26 13:15:00.776840,3,1684,2585,1717,1329,1388,301,778
2018-09-26 13:30:01.373570,3,1684,2585,1717,1329,1388,301,778
2018-09-26 13:45:00.735989,3,1684,2585,1717,1329,1388,301,778
2018-09-26 14:00:01.379594,3,1684,2585,1717,1329,1388,301,778
2018-09-26 14:15:00.804512,3,1684,2585,1717,1329,1388,301,778
2018-09-26 14:30:01.370025,3,1684,2585,1717,1329,1388,301,778
2018-09-26 14:45:00.810537,3,1684,2585,1717,1329,1388,301,778
2018-09-26 15:00:01.188550,3,1684,2585,1717,1329,1388,301,778
2018-09-26 15:15:00.988436,3,1684,2585,1717,1329,1388,301,778
2018-09-26 15:30:01.147698,3,1684,2585,1717,1329,1388,301,778
2018-09-26 15:45:00.806945,3,1684,2585,1717,1329,1388,301,778
2018-09-26 16:00:04.434878,3,1684,2585,1717,1329,1388,301,778
2018-09-26 16:15:00.797393,3,1684,2585,1717,1329,1388,301,778
2018-09-26 16:30:01.378496,3,1684,2585,1717,1329,1388,301,778
2018-09-26 16:45:00.803414,3,1684,2585,1717,1329,1388,301,778
2018-09-26 17:00:01.384552,3,1684,2585,1717,1329,1388,301,778
2018-09-26 17:15:00.825064,3,1684,2585,1717,1329,1388,301,778
2018-09-26 17:30:01.156200,3,1684,2585,1717,1329,1388,301,778
2018-09-26 17:45:00.799839,3,1684,2585,1717,1329,1388,301,778
2018-09-26 18:00:00.787256,3,1684,2585,1717,1329,1388,301,778
2018-09-26 18:15:00.805894,3,1684,2585,1717,1329,1388,301,778
2018-09-26 18:30:00.980781,3,1684,2585,1717,1329,1388,301,778
2018-09-26 18:45:00.780667,3,1684,2585,1717,1329,1388,301,778
2018-09-26 19:00:00.752429,3,1684,2585,1717,1329,1388,301,778
2018-09-26 19:15:00.817949,3,1684,2585,1717,1329,1388,301,778
2018-09-26 19:30:01.320953,3,1684,2585,1717,1329,1388,301,778
2018-09-26 19:45:01.027090,3,1684,2585,1717,1329,1388,301,778
2018-09-26 20:00:01.326977,3,971,55,229,FULL,FULL,44,15
2018-09-26 20:15:00.939365,3,1005,659,253,540,502,184,13
2018-09-26 20:30:01.254875,3,963,738,287,583,519,185,20
2018-09-26 20:45:00.992263,3,964,817,328,587,518,188,15
2018-09-26 21:00:01.526525,3,982,940,438,611,547,198,19
2018-09-26 21:15:03.998224,3,1028,1128,559,630,592,204,22
2018-09-26 21:30:01.126330,3,1085,1352,701,663,630,226,27
2018-09-26 21:45:01.004344,3,1159,1576,910,723,691,241,32
2018-09-26 22:00:01.491697,3,1281,1830,1143,780,783,257,41
2018-09-26 22:15:00.963494,3,1436,2078,1373,909,934,272,55
2018-09-26 22:30:01.529004,3,1504,2231,1497,969,996,284,62
2018-09-26 22:45:00.969515,3,1537,2329,1558,1022,1058,291,69
2018-09-26 23:00:01.628778,3,1580,2385,1608,1097,1131,295,70
2018-09-26 23:15:01.022414,3,1597,2435,1664,1108,1158,300,73
2018-09-26 23:30:01.509801,3,1606,2464,1693,1137,1193,302,75
2018-09-26 23:45:00.965970,3,1639,2503,1753,1195,1257,305,76
2018-09-27 00:00:01.625200,4,1650,2514,1780,1241,1300,307,76
2018-09-27 00:15:01.018871,4,1650,2514,1780,1241,1300,307,76
2018-09-27 00:30:01.428106,4,1650,2514,1780,1241,1300,307,76
2018-09-27 00:45:00.931143,4,1650,2514,1780,1241,1300,307,76
2018-09-27 01:00:01.668498,4,1650,2514,1780,1241,1300,307,76
2018-09-27 01:15:00.843416,4,1650,2514,1780,1241,1300,307,76
2018-09-27 01:30:01.549554,4,1650,2514,1780,1241,1300,307,76
2018-09-27 01:45:00.943190,4,1650,2514,1780,1241,1300,307,76
2018-09-27 02:00:01.258703,4,1650,2514,1780,1241,1300,307,76
2018-09-27 02:15:01.011693,4,1650,2514,1780,1241,1300,307,76
2018-09-27 02:30:08.717632,4,1650,2514,1780,1241,1300,307,76
2018-09-27 02:45:00.986521,4,1650,2514,1780,1241,1300,307,76
2018-09-27 03:00:01.536375,4,1650,2514,1780,1241,1300,307,76
2018-09-27 03:15:00.961294,4,1650,2514,1780,1241,1300,307,76
2018-09-27 03:30:00.948681,4,1650,2514,1780,1241,1300,307,76
2018-09-27 03:45:00.920443,4,1650,2514,1780,1241,1300,307,76
2018-09-27 04:00:00.970330,4,1650,2514,1780,1241,1300,307,76
2018-09-27 04:15:00.785848,4,1650,2514,1780,1241,1300,307,76
2018-09-27 04:30:01.257606,4,1650,2514,1780,1241,1300,307,76
2018-09-27 04:45:01.557490,4,1650,2514,1780,1241,1300,307,76
2018-09-27 05:00:00.993468,4,1650,2514,1780,1241,1300,307,76
2018-09-27 05:15:00.813546,4,1650,2514,1780,1241,1300,307,76
2018-09-27 05:30:01.175933,4,1650,2514,1780,1241,1300,307,76
2018-09-27 05:45:00.803944,4,1650,2514,1780,1241,1300,307,76
2018-09-27 06:00:01.166332,4,1650,2514,1780,1241,1300,307,76
2018-09-27 06:15:03.669249,4,1650,2514,1780,1241,1300,307,76
2018-09-27 06:30:01.406686,4,1650,2514,1780,1241,1300,307,76
2018-09-27 06:45:00.800367,4,784,2556,853,1461,1472,316,62
2018-09-27 07:00:01.397132,4,769,2506,826,1445,1450,316,51
2018-09-27 07:15:00.775173,4,755,2451,812,1422,1426,315,41
2018-09-27 07:30:01.184403,4,739,2393,801,1396,1386,312,33
2018-09-27 07:45:01.078071,4,707,2310,778,1231,1282,312,32
2018-09-27 08:00:01.174834,4,678,2226,745,1201,1241,309,26
2018-09-27 08:15:00.771607,4,631,2100,712,1156,1184,307,21
2018-09-27 08:30:01.493328,4,586,1949,662,1099,1127,305,17
2018-09-27 08:45:00.824496,4,511,1801,594,1027,1054,302,10
2018-09-27 09:00:00.796257,4,426,1617,522,934,946,299,496
2018-09-27 09:15:00.814894,4,335,1394,399,833,823,297,472
2018-09-27 09:30:01.427283,4,216,1187,297,704,703,292,428
2018-09-27 09:45:01.992762,4,115,1006,198,584,584,291,381
2018-09-27 10:00:01.323942,4,34,821,78,463,470,285,341
2018-09-27 10:15:00.826973,4,268,675,230,354,354,273,313
2018-09-27 10:30:01.173704,4,210,538,131,257,257,263,289
2018-09-27 10:45:02.082967,4,146,412,62,187,188,248,265
2018-09-27 11:00:03.835915,4,87,295,FULL,123,123,234,232
2018-09-27 11:15:00.823397,4,42,198,FULL,67,66,220,214
2018-09-27 11:30:01.404535,4,22,96,FULL,21,21,206,195
2018-09-27 11:45:00.798171,4,FULL,FULL,FULL,FULL,FULL,191,179
2018-09-27 12:00:00.769945,4,FULL,FULL,FULL,FULL,FULL,170,143
2018-09-27 12:15:00.835445,4,FULL,FULL,FULL,FULL,FULL,155,88
2018-09-27 12:30:01.322836,4,FULL,FULL,FULL,FULL,FULL,112,56
2018-09-27 12:45:00.825876,4,FULL,FULL,FULL,FULL,FULL,78,153
2018-09-27 13:00:01.422611,4,FULL,FULL,FULL,FULL,FULL,58,131
2018-09-27 13:15:00.800650,4,FULL,FULL,FULL,FULL,FULL,42,114
2018-09-27 13:30:01.413005,4,FULL,FULL,FULL,FULL,FULL,27,105
2018-09-27 13:45:00.822299,4,FULL,FULL,FULL,FULL,FULL,9,98
2018-09-27 14:00:01.169061,4,FULL,FULL,FULL,FULL,FULL,7,87
2018-09-27 14:15:00.781447,4,FULL,FULL,FULL,FULL,FULL,8,78
2018-09-27 14:30:01.154008,4,FULL,FULL,FULL,FULL,FULL,5,FULL
2018-09-27 14:45:00.787471,4,FULL,FULL,FULL,FULL,FULL,7,FULL
2018-09-27 15:00:01.399858,4,FULL,FULL,FULL,FULL,FULL,5,FULL
2018-09-27 15:15:00.793528,4,FULL,FULL,FULL,FULL,FULL,13,FULL
2018-09-27 15:30:01.169213,4,FULL,43,16,FULL,FULL,12,101
2018-09-27 16:00:01.208782,4,18,83,FULL,8,FULL,35,117
2018-09-27 16:15:03.836732,4,28,108,18,FULL,FULL,50,136
2018-09-27 16:30:00.808588,4,28,133,17,14,15,73,156
2018-09-27 16:45:01.124101,4,44,184,46,47,34,89,223
2018-09-27 17:00:00.798988,4,54,237,67,63,48,108,238
2018-09-27 17:15:00.801998,4,88,304,101,92,74,125,250
2018-09-27 17:30:01.320637,4,112,364,129,99,84,142,265
2018-09-27 17:45:00.792417,4,162,459,195,155,129,150,281
2018-09-27 18:00:01.217295,4,280,542,225,209,174,160,293
2018-09-27 18:15:00.782829,4,417,577,277,258,242,168,314
2018-09-27 18:30:01.160814,4,546,651,319,328,307,168,339
2018-09-27 18:45:00.788853,4,664,722,312,354,334,172,354
2018-09-27 19:00:01.432459,4,743,728,308,402,379,176,380
2018-09-27 19:15:00.794867,4,782,734,292,457,420,173,393
2018-09-27 19:30:01.157265,4,782,708,323,505,467,176,415
2018-09-27 19:45:08.613161,4,756,708,372,509,479,179,436
2018-09-27 20:00:00.944544,4,729,738,426,531,495,180,454
2018-09-27 20:15:00.806925,4,727,798,460,566,503,186,465
2018-09-27 20:30:01.169324,4,764,867,544,591,540,192,480
2018-09-27 20:45:03.094137,4,784,983,629,610,564,203,518
2018-09-27 21:00:01.690968,4,840,1114,738,639,592,216,550
2018-09-27 21:15:00.819006,4,918,1288,870,682,646,228,589
2018-09-27 21:30:01.368859,4,1010,1479,999,714,686,241,614
2018-09-27 21:45:00.809364,4,1110,1715,1134,781,761,255,636
2018-09-27 22:00:01.249917,4,1239,1904,1334,856,855,262,672
2018-09-27 22:15:08.408959,4,1391,2136,1521,961,979,278,715
2018-09-27 22:30:02.084034,4,1472,2264,1623,1032,1066,286,733
2018-09-27 22:45:00.993327,4,1498,2346,1662,1067,1105,287,744
2018-09-27 23:00:01.090089,4,1534,2404,1682,1088,1126,293,754
2018-09-27 23:15:07.796038,4,1577,2454,1724,1096,1139,298,764
2018-09-27 23:30:01.892967,4,1607,2487,1750,1129,1179,299,778
2018-09-27 23:45:00.911657,4,1617,2510,1763,1167,1215,301,782
2018-09-28 00:00:01.008419,5,1641,2532,1786,1188,1235,305,790
2018-09-28 00:15:00.823931,5,1658,2551,1805,1228,1274,308,793
2018-09-28 00:30:03.264380,5,1690,2572,1831,1298,1335,311,795
2018-09-28 00:45:00.783079,5,740,2589,845,1327,1366,311,797
2018-09-28 01:00:00.973594,5,741,2597,849,1336,1374,314,799
2018-09-28 01:15:00.851604,5,748,2601,850,1343,1379,314,800
2018-09-28 01:30:01.151494,5,750,2603,855,1360,1392,314,801
2018-09-28 01:45:00.795159,5,761,2606,862,1380,1411,314,801
2018-09-28 02:00:01.532515,5,770,2611,865,1418,1446,314,803
2018-09-28 02:15:00.785559,5,774,2613,871,1429,1451,314,803
2018-09-28 02:30:01.335414,5,776,2615,874,1441,1464,314,805
2018-09-28 02:45:00.775957,5,786,2618,877,1457,1476,314,805
2018-09-28 03:00:01.403938,5,789,2622,875,1462,1481,314,805
2018-09-28 03:15:00.797606,5,688,2623,875,1468,1485,314,806
2018-09-28 03:30:01.159995,5,695,2627,874,1471,1488,314,809
2018-09-28 03:45:00.788005,5,696,2626,876,1476,1492,314,808
2018-09-28 04:00:01.431643,5,696,2626,877,1473,1491,314,807
2018-09-28 04:15:00.778404,5,711,2623,880,1472,1492,314,807
2018-09-28 04:30:01.297054,5,711,2623,880,1473,1493,314,808
2018-09-28 04:45:08.393584,5,798,2624,881,1475,1493,313,807
2018-09-28 05:00:01.178065,5,797,2620,880,1477,1495,313,807
2018-09-28 05:15:00.806109,5,796,2621,878,1477,1492,313,807
2018-09-28 05:30:00.809120,5,797,2620,877,1475,1489,313,807
2018-09-28 05:45:00.765257,5,797,2617,876,1471,1483,313,807
2018-09-28 06:00:01.299520,5,795,2614,876,1466,1480,313,805
2018-09-28 06:15:00.802531,5,793,2608,873,1466,1479,312,802
2018-09-28 06:30:01.180545,5,791,2587,868,1460,1467,313,795
2018-09-28 06:45:00.792933,5,789,2573,860,1454,1457,312,784
2018-09-28 07:00:01.436568,5,781,2513,840,1436,1441,312,770
2018-09-28 07:15:08.220610,5,765,2475,819,1404,1411,311,753
2018-09-28 07:30:01.426974,5,751,1668,802,1376,1379,310,731
2018-09-28 07:45:00.805011,5,731,1588,786,1207,1273,309,633
2018-09-28 08:00:00.792398,5,701,1494,757,1169,1230,309,617
2018-09-28 08:15:00.811041,5,645,1385,720,1136,1189,309,593
2018-09-28 08:30:01.454640,5,595,1247,667,1079,1121,308,574
2018-09-28 08:45:00.801433,5,520,1078,586,1006,1040,308,545
2018-09-28 09:00:00.788822,5,447,927,507,940,964,305,513
2018-09-28 09:15:00.776208,5,353,732,402,853,857,301,475
2018-09-28 09:30:00.966673,5,245,570,297,763,762,297,432
2018-09-28 09:45:00.875982,5,151,424,170,667,668,297,392
2018-09-28 10:00:01.394618,5,74,295,53,547,544,288,360
2018-09-28 10:15:00.803913,5,308,169,244,445,445,275,317
2018-09-28 10:30:01.400643,5,214,683,141,369,366,262,292
2018-09-28 10:45:00.794310,5,122,549,34,310,306,242,266
2018-09-28 11:00:01.656670,5,50,430,FULL,244,243,227,235
2018-09-28 11:15:00.784711,5,FULL,306,FULL,196,193,210,215
2018-09-28 11:30:01.178347,5,FULL,179,FULL,143,140,195,188
2018-09-28 11:45:00.775109,5,FULL,75,FULL,76,75,178,162
2018-09-28 12:00:00.809372,5,FULL,FULL,FULL,33,34,164,143
2018-09-28 12:15:00.781133,5,FULL,FULL,FULL,FULL,FULL,128,125
2018-09-28 12:30:01.221612,5,FULL,FULL,FULL,FULL,FULL,104,81
2018-09-28 12:45:00.787189,5,FULL,FULL,FULL,FULL,FULL,78,42
2018-09-28 13:00:01.446420,5,FULL,FULL,FULL,FULL,FULL,41,26
2018-09-28 13:15:00.808838,5,FULL,FULL,FULL,FULL,FULL,21,13
2018-09-28 13:30:01.186851,5,10,FULL,FULL,FULL,FULL,FULL,FULL
2018-09-28 13:45:00.783611,5,FULL,FULL,FULL,FULL,FULL,6,FULL
2018-09-28 14:00:01.395999,5,FULL,FULL,FULL,FULL,FULL,4,FULL
2018-09-28 14:15:00.805261,5,FULL,FULL,FULL,FULL,FULL,9,FULL
2018-09-28 14:30:01.417649,5,12,FULL,FULL,FULL,10,9,6
2018-09-28 14:45:01.076909,5,13,FULL,13,9,FULL,5,FULL
2018-09-28 15:00:01.392424,5,16,48,12,10,11,FULL,21
2018-09-28 15:15:00.801716,5,11,50,FULL,12,11,11,39
2018-09-28 15:30:01.182413,5,FULL,44,FULL,15,12,15,47
2018-09-28 15:45:00.776489,5,16,42,12,9,FULL,33,53
2018-09-28 16:00:06.763690,5,15,57,FULL,8,FULL,55,69
2018-09-28 16:15:02.141860,5,18,49,10,19,21,70,83
2018-09-28 16:30:01.363621,5,28,71,21,12,14,78,92
2018-09-28 16:45:00.819789,5,51,126,36,68,63,95,143
2018-09-28 17:00:01.182177,5,38,167,37,77,68,107,155
2018-09-28 17:15:00.794563,5,59,213,57,100,91,123,167
2018-09-28 17:30:01.156950,5,79,236,75,122,101,138,187
2018-09-28 17:45:00.800622,5,121,272,101,151,130,148,193
2018-09-28 18:00:01.459852,5,166,333,111,195,164,150,219
2018-09-28 18:15:00.822270,5,263,384,170,252,210,149,241
2018-09-28 18:30:01.434134,5,384,430,163,283,250,156,270
2018-09-28 18:45:04.218791,5,471,437,151,297,261,156,282
2018-09-28 19:00:01.159430,5,554,414,104,313,268,154,292
2018-09-28 19:15:00.818692,5,589,377,77,331,292,154,286
2018-09-28 19:30:01.306079,5,532,345,92,347,306,143,293
2018-09-28 19:45:01.074715,5,498,303,118,360,319,137,299
2018-09-28 20:00:01.468355,5,478,278,131,373,334,131,299
2018-09-28 20:15:01.315116,5,476,308,143,371,342,133,317
2018-09-28 20:30:01.302502,5,455,340,148,379,366,134,337
2018-09-28 20:45:08.820921,5,487,392,212,390,372,139,357
2018-09-28 21:00:01.605402,5,542,508,294,403,390,149,382
2018-09-28 21:15:01.092790,5,592,685,387,436,429,173,413
2018-09-28 21:30:01.486425,5,681,880,578,477,475,181,452
2018-09-28 21:45:01.051970,5,801,1155,753,541,540,195,502
2018-09-28 22:00:01.523700,5,970,1430,965,603,629,210,553
2018-09-28 22:15:05.557837,5,1184,1792,1221,745,786,227,622
2018-09-28 22:30:01.498506,5,1320,1981,1391,799,854,244,670
2018-09-28 22:45:00.939020,5,1413,2101,1480,848,909,252,687
2018-09-28 23:00:01.270157,5,1443,2193,1542,862,931,250,704
2018-09-28 23:15:00.788826,5,1499,2263,1593,897,963,257,708
2018-09-28 23:30:01.198054,5,1523,2327,1646,944,1012,270,718
2018-09-28 23:45:00.935473,5,1548,2389,1693,959,1048,280,737
2018-09-29 00:00:01.688454,6,1569,2433,1736,998,1087,281,750
2018-09-29 00:15:00.972747,6,1593,2450,1756,1029,1119,281,750
2018-09-29 00:30:02.897571,6,1623,2493,1792,1099,1182,283,758
2018-09-29 00:45:00.963173,6,1641,2514,1808,1140,1223,284,767
2018-09-29 01:00:01.309909,6,1659,2536,1815,1147,1235,291,768
2018-09-29 01:15:01.016046,6,1664,2545,1818,1155,1249,294,767
2018-09-29 01:30:01.519059,6,1681,2556,1839,1210,1293,294,770
2018-09-29 01:45:01.037694,6,1714,2563,1841,1274,1347,297,773
2018-09-29 02:00:01.196957,6,1735,2569,1855,1333,1389,300,773
2018-09-29 02:15:01.090593,6,1741,2575,1861,1348,1403,300,774
2018-09-29 02:30:01.093612,6,1749,2594,1867,1373,1417,301,783
2018-09-29 02:45:00.956028,6,1763,2602,1875,1406,1441,301,784
2018-09-29 03:00:01.505879,6,1765,2603,1880,1434,1464,302,785
2018-09-29 03:15:03.430703,6,1767,2612,1884,1453,1481,307,784
2018-09-29 03:30:01.558738,6,1769,2625,1884,1455,1484,308,789
2018-09-29 03:45:01.061822,6,1771,2625,1884,1457,1485,308,789
2018-09-29 04:00:01.033585,6,1670,2626,1884,1458,1486,308,788
2018-09-29 04:15:00.802222,6,1671,2627,1886,1459,1488,308,790
2018-09-29 04:30:08.289379,6,1671,2625,1886,1458,1488,308,789
2018-09-29 04:45:00.823902,6,1671,2625,1885,1457,1487,310,790
2018-09-29 05:00:01.186258,6,1773,2627,1885,1455,1485,310,790
2018-09-29 05:15:00.814303,6,1774,2625,1885,1453,1485,310,808
2018-09-29 05:30:01.348532,6,1775,2624,1885,1448,1481,310,808
2018-09-29 05:45:01.554633,6,1774,2621,1887,1449,1480,310,808
2018-09-29 06:00:01.167088,6,1774,2623,1887,1444,1480,310,809
2018-09-29 06:15:00.810725,6,1773,2621,1888,1446,1482,310,807
2018-09-29 06:30:01.360612,6,1773,2618,1884,1442,1476,310,807
2018-09-29 06:45:00.785498,6,1765,2611,1859,1438,1469,309,806
2018-09-29 07:00:01.413511,6,1756,2605,1846,1425,1457,309,804
2018-09-29 07:15:00.791526,6,1748,2603,1841,1413,1450,308,804
2018-09-29 07:30:01.421957,6,1737,2597,1830,1392,1430,307,804
2018-09-29 07:45:00.781954,6,1720,2579,1804,1356,1401,307,800
2018-09-29 08:00:00.847465,6,1687,2565,1771,1318,1352,306,800
2018-09-29 08:15:03.475383,6,1629,2545,1703,1262,1294,305,797
2018-09-29 08:30:01.353461,6,1578,2515,1655,1200,1228,304,796
2018-09-29 08:45:00.809628,6,1517,2490,1575,1148,1167,305,788
2018-09-29 09:00:01.172014,6,1434,2424,1466,1071,1075,304,774
2018-09-29 09:15:00.800027,6,1319,2358,1346,984,974,301,759
2018-09-29 09:30:01.178037,6,1212,2270,1205,922,891,301,735
2018-09-29 09:45:00.790424,6,1079,2153,1018,843,799,295,716
2018-09-29 10:00:01.168436,6,914,2002,798,768,711,289,694
2018-09-29 10:15:00.796481,6,766,1837,581,667,630,282,677
2018-09-29 10:30:01.393211,6,605,1655,399,550,525,268,655
2018-09-29 10:45:00.990005,6,463,1475,215,445,436,253,632
2018-09-29 11:00:00.977391,6,276,1315,108,366,356,236,603
2018-09-29 11:15:00.980403,6,154,1164,22,282,274,220,557
2018-09-29 11:30:01.405260,6,72,994,FULL,195,187,193,519
2018-09-29 11:45:01.314553,6,35,832,FULL,109,103,166,498
2018-09-29 12:00:01.411314,6,10,646,FULL,82,82,152,476
2018-09-29 12:15:00.789326,6,FULL,511,FULL,36,33,132,448
2018-09-29 12:30:01.069981,6,11,387,16,12,FULL,110,400
2018-09-29 12:45:00.779757,6,12,252,10,10,FULL,92,350
2018-09-29 13:00:01.173363,6,FULL,128,12,11,FULL,77,319
2018-09-29 13:15:00.801406,6,21,FULL,9,15,FULL,56,295
2018-09-29 13:30:02.288734,6,13,FULL,FULL,28,20,33,281
2018-09-29 13:45:00.791806,6,FULL,FULL,FULL,13,FULL,27,236
2018-09-29 14:00:01.857286,6,FULL,FULL,19,10,FULL,18,203
2018-09-29 14:15:00.797829,6,7,FULL,FULL,8,FULL,8,176
2018-09-29 14:30:01.175843,6,15,59,FULL,19,14,6,141
2018-09-29 14:45:00.835104,6,FULL,41,FULL,24,17,12,131
2018-09-29 15:00:01.416241,6,16,53,FULL,36,32,24,120
2018-09-29 15:15:00.794254,6,20,50,10,22,18,22,110
2018-09-29 15:30:01.328515,6,15,49,FULL,32,21,24,113
2018-09-29 15:45:00.784653,6,18,50,12,10,FULL,25,116
2018-09-29 16:00:01.162663,6,23,72,14,15,FULL,34,120
2018-09-29 16:15:00.837583,6,16,68,13,14,FULL,43,129
2018-09-29 16:30:01.465564,6,19,86,FULL,25,21,51,151
2018-09-29 16:45:00.781107,6,29,78,17,31,24,67,167
2018-09-29 17:00:01.502837,6,31,108,21,51,44,74,183
2018-09-29 17:15:00.802755,6,25,109,12,58,57,74,197
2018-09-29 17:30:01.165143,6,30,132,12,79,74,82,207
2018-09-29 17:45:00.824405,6,29,145,33,104,88,85,227
2018-09-29 18:00:01.202417,6,47,180,38,101,93,80,243
2018-09-29 18:30:01.536571,6,56,203,49,183,173,80,287
2018-09-29 18:45:00.789617,6,47,221,35,205,194,79,301
2018-09-29 19:00:01.433216,6,40,213,13,209,203,83,323
2018-09-29 19:15:01.108134,6,43,202,21,223,232,87,336
2018-09-29 19:30:01.298614,6,
2018-09-29 19:45:00.786034,6,23,170,10,208,215,82,310
2018-09-29 20:00:01.164046,6,FULL,171,14,193,189,83,320
2018-09-29 20:15:00.995183,6,9,184,16,192,184,92,328
2018-09-29 20:30:01.420071,6,26,237,FULL,172,166,90,339
2018-09-29 20:45:00.782458,6,56,338,34,167,158,100,361
2018-09-29 21:00:01.176095,6,118,437,110,180,170,110,395
2018-09-29 21:15:00.835388,6,245,652,264,211,213,124,431
2018-09-29 21:30:01.166493,6,368,897,419,302,309,148,483
2018-09-29 21:45:08.325535,6,521,1171,649,401,412,163,526
2018-09-29 22:00:00.985050,6,730,1452,876,516,559,178,582
2018-09-29 22:15:00.925543,6,1038,1773,1175,693,741,214,646
2018-09-29 22:30:00.991081,6,1259,2032,1379,821,857,226,691
2018-09-29 22:45:00.806585,6,1375,2185,1525,881,929,239,712
2018-09-29 23:00:01.215892,6,1410,2283,1600,905,952,249,729
2018-09-29 23:15:08.015515,6,1459,2360,1659,960,1021,270,738
2018-09-29 23:30:01.331247,6,1489,2413,1694,993,1066,278,744
2018-09-29 23:45:00.974884,6,1528,2456,1729,1018,1089,282,753
2018-09-30 00:00:00.790428,7,1559,2496,1749,1036,1118,280,766
2018-09-30 00:15:00.793444,7,1572,2513,1764,1055,1141,280,773
2018-09-30 00:30:06.843140,7,1572,2513,1764,1055,1141,280,773
2018-09-30 00:45:01.861934,7,1572,2513,1764,1055,1141,280,773
2018-09-30 01:00:01.146227,7,1572,2513,1764,1055,1141,280,773
2018-09-30 01:15:00.836738,7,1572,2513,1764,1055,1141,280,773
2018-09-30 01:30:01.339752,7,1669,2574,1834,1214,1285,294,795
2018-09-30 01:45:00.780262,7,1695,2582,1852,1257,1324,294,796
2018-09-30 02:00:01.408241,7,1716,2591,1858,1320,1375,295,798
2018-09-30 02:15:01.239412,7,1729,2597,1863,1343,1395,296,798
2018-09-30 02:30:01.445550,7,1738,2601,1869,1376,1423,299,799
2018-09-30 02:45:01.073578,7,1748,2603,1874,1419,1459,299,799
2018-09-30 03:00:01.154698,7,1763,2604,1878,1462,1492,300,802
2018-09-30 03:15:00.813992,7,1765,2619,1881,1470,1496,304,802
2018-09-30 03:30:00.801379,7,1767,2620,1883,1476,1499,304,802
2018-09-30 03:45:00.804391,7,1769,2621,1884,1479,1502,304,803
2018-09-30 04:00:13.291401,7,1769,2623,1884,1479,1502,305,805
2018-09-30 04:15:01.685384,7,1769,2625,1884,1477,1500,305,805
2018-09-30 04:30:00.964408,7,1768,2624,1882,1477,1500,305,805
2018-09-30 04:45:01.748636,7,1770,2621,1882,1474,1498,305,805
2018-09-30 05:00:01.157933,7,1769,2623,1883,1473,1498,304,805
2018-09-30 05:15:00.832816,7,1769,2625,1883,1473,1497,305,808
2018-09-30 05:30:00.835829,7,1769,2623,1883,1471,1496,305,808
2018-09-30 05:45:00.776375,7,1769,2620,1880,1473,1493,305,808
2018-09-30 06:00:01.451231,7,1769,2619,1879,1467,1491,305,810
2018-09-30 06:15:00.782396,7,1767,2615,1879,1467,1492,305,810
2018-09-30 06:30:01.160376,7,1769,2613,1872,1466,1492,305,811
2018-09-30 06:45:00.788422,7,1768,2606,1857,1466,1489,305,811
2018-09-30 07:00:01.478901,7,1766,2606,1848,1463,1485,305,810
2018-09-30 07:15:00.810072,7,1763,2600,1847,1461,1484,305,810
2018-09-30 07:30:01.359959,7,1755,2600,1838,1457,1480,305,808
2018-09-30 07:45:00.831717,7,1746,2595,1828,1442,1464,304,806
2018-09-30 08:00:01.522230,7,1738,2589,1797,1417,1445,300,804
2018-09-30 08:15:00.806494,7,1714,2573,1757,1385,1417,298,800
2018-09-30 08:30:01.184505,7,1677,2554,1715,1339,1367,297,798
2018-09-30 08:45:00.796923,7,1628,2521,1664,1288,1315,293,791
2018-09-30 09:00:01.549903,7,1578,2479,1585,1227,1253,291,785
2018-09-30 09:15:00.834200,7,1511,2413,1500,1186,1186,290,774
2018-09-30 09:30:00.852837,7,1399,2339,1368,1111,1106,285,754
2018-09-30 09:45:00.824596,7,1260,2240,1181,1037,1036,282,739
2018-09-30 10:00:01.171362,7,1098,2080,924,965,941,271,709
2018-09-30 10:15:00.846248,7,933,1912,671,905,861,249,686
2018-09-30 10:30:01.208633,7,754,1725,418,837,786,236,645
2018-09-30 10:45:00.805395,7,606,1537,223,759,723,218,610
2018-09-30 11:00:01.542783,7,455,1359,115,679,645,195,565
2018-09-30 11:15:00.842702,7,305,1130,34,587,571,178,530
2018-09-30 11:30:01.408182,7,128,924,FULL,504,493,153,507
2018-09-30 11:45:00.817475,7,58,704,9,379,372,133,463
2018-09-30 12:00:01.429826,7,29,530,FULL,270,265,108,425
2018-09-30 12:15:00.792251,7,FULL,356,FULL,197,191,91,398
2018-09-30 12:30:01.513981,7,FULL,186,FULL,136,132,83,368
2018-09-30 12:45:00.798276,7,FULL,57,FULL,69,64,60,351
2018-09-30 13:00:01.426281,7,FULL,FULL,FULL,32,27,45,325
2018-09-30 13:15:00.835549,7,9,FULL,13,10,FULL,30,300
2018-09-30 13:30:01.447935,7,FULL,FULL,11,8,FULL,19,269
2018-09-30 13:45:00.810322,7,FULL,FULL,14,FULL,FULL,7,228
2018-09-30 14:00:01.219584,7,FULL,24,FULL,FULL,FULL,FULL,188
2018-09-30 14:15:00.800752,7,10,FULL,14,10,FULL,FULL,159
2018-09-30 14:30:01.006890,7,FULL,34,13,FULL,FULL,4,141
2018-09-30 14:45:00.806775,7,11,31,18,10,FULL,5,123
2018-09-30 15:00:01.434756,7,13,34,12,9,FULL,FULL,100
2018-09-30 15:15:01.906518,7,10,53,FULL,FULL,FULL,13,86
2018-09-30 15:30:01.175187,7,12,93,FULL,FULL,FULL,24,82
2018-09-30 15:45:00.803199,7,10,104,FULL,15,12,24,76
2018-09-30 16:00:01.181212,7,20,103,9,16,FULL,25,92
2018-09-30 16:15:00.840473,7,17,86,11,15,FULL,28,111
2018-09-30 16:30:00.968487,7,14,79,FULL,12,FULL,36,112
2018-09-30 16:45:00.830904,7,22,110,14,25,21,46,127
2018-09-30 17:00:01.521386,7,49,137,13,23,23,58,149
2018-09-30 17:15:00.805678,7,64,140,37,58,47,66,186
2018-09-30 17:30:01.418035,7,61,173,32,87,73,80,219
2018-09-30 17:45:00.796078,7,63,217,35,118,101,85,260
2018-09-30 18:00:01.392807,7,75,284,47,134,120,88,288
2018-09-30 18:15:00.817726,7,97,316,55,128,110,87,308
2018-09-30 18:30:01.336364,7,104,385,76,138,119,91,324
2018-09-30 18:45:00.808087,7,130,440,85,157,132,99,351
2018-09-30 19:00:01.436145,7,157,482,121,194,169,104,359
2018-09-30 19:15:00.814181,7,176,536,123,194,174,101,370
2018-09-30 19:30:01.176533,7,196,564,123,185,156,114,380
2018-09-30 19:45:00.773330,7,240,625,146,166,142,124,391
2018-09-30 20:00:00.870093,7,234,706,189,178,157,129,398
2018-09-30 20:15:00.826229,7,265,810,258,196,174,140,433
2018-09-30 20:30:01.438584,7,334,942,338,226,194,150,465
2018-09-30 20:45:00.769753,7,404,1083,456,261,239,174,495
2018-09-30 21:00:01.585236,7,495,1260,601,306,289,188,535
2018-09-30 21:15:00.822652,7,625,1436,762,373,378,209,559
2018-09-30 21:30:01.341291,7,796,1628,926,441,440,240,592
2018-09-30 21:45:00.797427,7,967,1838,1121,553,585,249,632
2018-09-30 22:00:00.800471,7,1138,2024,1304,676,695,263,665
2018-09-30 22:15:00.834734,7,1378,2260,1511,850,886,285,699
2018-09-30 22:30:00.962745,7,1499,2379,1616,920,982,294,735
2018-09-30 22:45:00.840757,7,1551,2451,1677,977,1046,298,759
2018-09-30 23:00:01.390612,7,1581,2485,1690,986,1057,299,769
2018-09-30 23:15:00.799906,7,1611,2531,1727,1023,1106,303,777
2018-09-30 23:30:02.146637,7,1640,2560,1737,1073,1154,305,789
2018-09-30 23:45:01.587148,7,1568,2582,1772,1120,1187,307,793
